ngrams,Note
"site,tourism,travel,travel tourism,tourism site,travel tourism site",Travel and Tourism Site for Vermont -- Note added 6/6/13 19:19
,See historical snapshot at: http://web.archive.org/web/20080120044716/http://www.1800arkansas.com/  -- Note added 1/24/14 14:38
"department,virginia,services,virginia department","2-1-1 VIRGINIA is a service of the Virginia Department of Social Services provided in partnership with the Council of Community Services, the Family Resource and Referral Center, The Planning Council, the United Way of Central Virginia, and the United Way of Greater Richmond and Petersburg. -- Note added 5/27/14 14:14"
"department,virginia,services,virginia department","2-1-1 VIRGINIA is a service of the Virginia Department of Social Services provided in partnership with the Council of Community Services, the Family Resource and Referral Center, The Planning Council, the United Way of Central Virginia, and the United Way of Greater Richmond and Petersburg. -- Note added 1/10/14 19:17"
,4th Judicial District Attorney -- Note added 1/10/14 19:17
"state,department,services,new york,york state,new york state","511 NY (New York State Department of Transportation), the free, official one-stop, all-encompassing telephone and Web service offering  information on transportation services and conditions throughout New York State.  -- Note added 1/24/14 14:34"
state,State of Idaho (mirror website of www.idaho.gov) -- Note added 7/17/14 14:28
,Alabama Cooperative Extension System -- Note added 6/12/13 16:37
,New Mexico Cooperative Extension Publications -- Note added 7/25/13 17:38
,Pennsylvania Adoption Exchange -- Note added 6/30/14 15:39
"department,health,public,public health",Alabama Department of Public Health -- Note added 6/12/13 16:40
,University of Massachusetts Center for Agriculture Research and Extension -- Note added 11/20/13 15:32
,Texas A&M AgriLife Extension -- Note added 3/3/15 6:32
authority,Alabama Housing Finance Authority -- Note added 6/12/13 16:40
,Alaska Housing Finance Corporation -- Note added 6/6/13 18:08
authority,Alaska Industrial Development and Export Authority -- Note added 6/6/13 18:08
"department,division",Alaska's Department of Military and Veterans Affairs Division of Homeland Security and Emergency Management -- Note added 6/27/14 6:01
board,Alaska Aerospace Corporation (Board of directors appointed by Alaska governor) -- Note added 7/23/14 15:36
authority,Alaska Energy Authority -- Note added 6/6/13 18:08
"commission,public",Alaska Public Broadcasting Commission -- Note added 6/6/13 18:08
,Alaska Railroad Corporation -- Note added 6/6/13 18:08
"site,tourism,travel,travel tourism,tourism site,travel tourism site",Travel and Tourism Site for Alabama -- Note added 6/6/13 19:22
national guard,Alabama National Guard Counterdrug Program -- Note added 1/23/14 13:41
office,Alabama Film Office -- Note added 6/12/13 16:42
state,"Alabama's Legal Information Center, Alabama Supreme Court and State Law Library Catalog -¬†catalog.alalinc.net and 2.alalinc.net -- Note added 6/12/13 16:43"
,Alaska Railroad Corporation -- Note added 7/2/13 17:55
,Alaska Seafood Marketing Institute -- Note added 6/6/13 18:08
"state,board,commission,state board",Alabama State Board of Medical Examiners (an administrative and regulatory agency of the state of Alabama) and the Medical Licensure Commission of Alabama -- Note added 6/12/13 16:46
board,Alabama Board of Pharmacy -- Note added 6/12/13 16:47
"state,department,department education",Alabama State Department of Education -- Note added 6/12/13 17:15
"site,tourism,travel,travel tourism,tourism site,travel tourism site",Travel and Tourism Site for American Samoa -- Note added 6/6/13 19:22
state,"Amtrak Cascades, a train service sponsored by the state departments of transportation of Washington and Oregon. -- Note added 6/17/14 14:40"
,Agency for Persons with Disabilities (APD) -- Note added 2/25/15 15:33
,Alaska Permanent Fund Corporation -- Note added 6/6/13 18:08
"commission,public",Arkansas Public Service Commission -- Note added 1/10/14 17:55
"state,department,public,division",ARBenefitsfor Arkansas State and Public School Plan MembersProvided by the Employee Benefit Division of the [Arkansas] Department of Finance & Administration -- Note added 12/10/14 6:24
board,Arkansas Fire Protection Licensing Board -- Note added 6/12/13 18:10
national guard,Arkansas National Guard -- Note added 1/23/14 13:42
"site,tourism,travel,travel tourism,tourism site,travel tourism site",Travel and Tourism Site for Arizona -- Note added 6/6/13 19:16
lottery,Arizona lottery -- Note added 11/18/13 15:03
,"Arizona's Workforce Connection!, a website of the Governor's Council on Workforce Policy developed to provide easy access to the workforce development system in Arizona. -- Note added 11/18/13 15:13"
"department,tourism,commission,division","Arkansas History Commission, a division of the Arkansas Department of Parks and Tourism -- Note added 12/10/14 6:32"
"site,tourism,travel,travel tourism,tourism site,travel tourism site",Travel and Tourism Site for Arkansas -- Note added 6/6/13 19:23
,Arkansas Children's Trust Fund -- Note added 7/17/13 16:07
"department,department education",Arkansas Department of Education -- Note added 12/10/14 6:56
economic development,Arkansas Economic Development Coorporation (AEDC) -- Note added 1/24/14 14:36
commission,Arkansas Ethics Commission -- Note added 7/17/13 16:13
"department,health,services","ARKids First health insurance, Arkansas Department of Human Services -- Note added 1/10/14 19:17"
commission,Arkansas Livestock and Poultry Commission -- Note added 7/17/13 16:14
"state,board",Arkansas State Medical Board -- Note added 7/17/13 17:16
"state,board,state board",Arkansas State Board of Optometry -- Note added 11/18/13 15:44
"state,board,state board",Arkansas State Board of Physical Therapy -- Note added 11/18/13 15:45
"state,board,state board",Arkansas State Board of Collection Agencies -- Note added 11/18/13 15:45
"state,authority","Alabama State Port Authority, Mobile, AL -- Note added 6/12/13 17:16"
office,American Samoa Territorial Energy Office -- Note added 6/7/13 14:55
"state,site,public,new york,york state,new york state",New York State Public Service Commission‚Äôs Consumer Web Site -- Note added 1/10/14 19:17
state,"California State Assembly Democratic Caucus, State of California -- Note added 6/6/13 18:08"
authority,Assistive Technology Loan Fund Authority. The authority offers low interest loans for a variety of special equipment to eligible applicants. See the establishing law at http://law.lis.virginia.gov/authorities/assistive-technology-loan-fund-authority-atlfa  -- Note added 7/23/14 15:46
"board,health",Arizona Board of Behavioral Health Examiners -- Note added 12/11/13 13:50
authority,Arizona Commerce Authority -- Note added 12/11/13 13:50
"state,board,state board",Arizona State Board of Dental Examiners -- Note added 12/11/13 13:50
state,Arizona State Parks -- Note added 12/11/13 13:51
"carolina,north,department,north carolina,carolina department,north carolina department,department cultural resources","USS North Carolina Battleship, North Carolina Department of Cultural Resources -- Note added 3/20/14 17:19"
,"Village of Baxter Estates, Port Washington, NY -- Note added 6/8/15 12:11"
"carolina,north,board,north carolina,north carolina board",North Carolina Board of Massage & Bodywork Therapy -- Note added 9/11/15 18:20
nc,NC museum of natural sciences  -- Note added 9/11/15 18:50
state,State of Connecticut Bonds -- Note added 6/27/13 19:52
state,"California Humanities is an independent non-profit partner of the National Endowment for the Humanities,  nthat promotes the humanities in California in order to help create &ldquo;a state of open mind.' -- Note added 3/10/15 15:07"
"state,office","CaliforniaVolunteers, the state office that manages programs and initiatives aimed at increasing the number of Californians engaged in service and volunteering -- Note added 11/22/13 14:11"
state,CA State Independent Living Counsel advocates for persons with disabilities to enable them to live independently. n  -- Note added 3/5/15 22:35
state,California State Teachers Retirement System -- Note added 3/9/15 15:17
state,Nebraska State Capitol -- Note added 12/6/13 19:48
"state,nc,division","Caswell Developmental Center, NC Division of State Operated Healthcare Facilities -- Note added 6/6/13 18:08"
"department,health,public,public health","California Environmental Health Tracking Program, California Department of Public Health -- Note added 10/24/14 12:09"
,Univ of Kentucky Extension website -- Note added 8/27/15 16:14
state,"Hawaii-Pacific Area Combined Federal Campaign - geographic area includes the State of Hawaii, Guam, Northern Marianas Islands, and American Samoa -- Note added 6/12/13 13:14"
,"Tristate CFC, Indiana -- Note added 8/27/15 14:19"
"carolina,north,north carolina","College Foundation of North Carolina, a¬†service of the State¬†of North Carolina -- Note added 7/24/13 16:09"
,"Chesapeake Bay Program, Restoration of the Chesapeake Bay http://www.chesapeakebay.net -- Note added 11/20/13 16:26"
health,Pennsylvania's Children's Health Insurance Program (CHIP) -- Note added 6/6/13 18:08
"department,economic development",Maryland Department of Business and Economic Development -- Note added 1/10/14 19:17
,Connecticut Historical SocietyMuseum and Library -- Note added 12/15/14 6:22
nc,"statesville, nc -- Note added 9/11/15 19:22"
,"Clemson Univ, Sc -- Note added 8/28/15 13:40"
commission,Arkansas Commission on Law Enforcement Standards and Training -- Note added 7/17/13 18:34
department,"Coliseum Boulevard Plume (CBP), an area in Montgomery, Alabama, where the groundwater 10-50 feet below land surface contains trichloroethylene (TCE).  Investigation, management, and cleanup of the groundwater is being conducted by the https://www.dot.state.al.us/ Alabama Department of Transportation (ALDOT). -- Note added 9/24/14 16:14"
"site,tourism,travel,travel tourism,tourism site,travel tourism site",Travel and Tourism Site for Colorado -- Note added 6/6/13 19:23
lottery,Colorado lottery -- Note added 6/12/13 14:06
"site,commission,public","Colorado No Call program. A private company, Data Protection Group, operates this site under contract with the Colorado Public Utilities Commission. -- Note added 7/11/14 5:54"
,"Upper Colorado River Endangered Fish Recovery Program, U.S. Fish and Wildlife Service -- Note added 7/23/14 13:45"
"carolina,north,north carolina",North Carolina DOT Complete Streets -- Note added 1/22/14 18:53
"carolina,north,department,public,north carolina,carolina department,north carolina department","Correction Enterprises, North Carolina Department of Public Safety -- Note added 7/24/13 14:00"
"board,louisiana",Louisiana Crawfish Promotion and Research Board (LCPRB) -- Note added 9/22/15 16:53
,Georgia Superior Courts -- Note added 8/25/15 14:44
state,Connecticut State Treasury Unclaimed Property Owners List -- Note added 12/15/14 6:38
"state,new york","Center for Technology at the University at Albany, State University of New York -- Note added 6/29/15 15:02"
lottery,Connecticut lottery -- Note added 6/12/13 14:06
state,Connecticut State Library -- Note added 7/26/13 16:15
"site,tourism,travel,travel tourism,tourism site,travel tourism site",Travel and Tourism Site for Connecticut -- Note added 6/6/13 19:28
,Clean Water Management Trust Fund  -- Note added 9/11/15 19:49
state,IL Secretary of State -- Note added 7/1/14 20:19
national guard,Delaware National Guard -- Note added 1/23/14 14:03
"nc,department,division,nc department","Division of Employment Security (DES), NC Department of Commerce (NCC) -- Note added 9/22/15 14:15"
services,"Massachusetts JobQuest, Massachusetts Deparment of Career Services -- Note added 12/17/14 15:04"
"state,services","About the Digital Maine Repository The Digital Maine Repository is one of several services of the Maine State Library to facilitate digitization of - and enhanced access to - collections related to Maine history, genealogy, culture and government. The repository was designed to host a variety of media including books, images, maps and documents, as well as audio and video collections.  -- Note added 12/8/16 22:08"
"site,tourism,travel,travel tourism,tourism site,travel tourism site",Travel and Tourism Site for Ohio -- Note added 6/6/13 19:30
"carolina,site,tourism,travel,travel tourism,tourism site,south carolina,travel tourism site",Travel and Tourism Site for South Carolina -- Note added 6/6/13 19:30
"department,virginia,virginia department",Virginia Department of Motor Vehicles -- Note added 6/6/14 20:27
"department,department education",American Samoa Department of Education -- Note added 4/4/14 10:58
nc,NC Dept of Revenue -- Note added 9/11/15 19:50
"carolina,north,department,north carolina,carolina department,north carolina department","Driving95 Corridor Planning and Finance Study website, North Carolina Department of Transportation (NCDOT) -- Note added 9/22/15 16:56"
national guard,Wisconsin National Guard Drug Control Program -- Note added 1/23/14 14:03
site,myeatsmartmovemore.com is the 'consumer' site and eatsmartmovemorenc.com is the 'program' site. -- Note added 7/24/13 16:22
board,Educational Communications Board of WI -- Note added 8/5/14 5:24
"state,board","Environmental Hearing Board, State of Pennsylvania -- Note added 11/19/13 12:52"
health,Environmental Health Officer Professional Advisory Committee -- Note added 6/14/13 19:13
"state,virginia,office",Virginia Office of the State Long-Term Care Ombudsman -- Note added 8/27/15 15:01
"state,washington state",Washington State University ExtensionEnergy Program -- Note added 11/20/14 7:13
division,"The Energy Section in the Division of Energy, Mineral and Land Resources  -- Note added 9/11/15 19:55"
"tourism,office",Illinois Office of Tourism -- Note added 7/1/14 20:35
nc,environmental help website of NC -- Note added 9/11/15 19:56
,Nebraska Environmental Trust -- Note added 12/6/13 19:52
site,This is a site of the east-west gateway Council of Government in the bi-state St. Louis area. -- Note added 10/1/15 20:20
,Executive Action Team (EXACT) Multilateral Working Group on Water Resources -- Note added 8/19/13 16:18
"state,site,tourism,travel,travel tourism,tourism site,washington state,travel tourism site",Travel and tourism site for Washington State -- Note added 6/6/13 19:36
"site,tourism,travel,travel tourism,tourism site,travel tourism site",Travel and Tourism Site for Georgia -- Note added 6/6/13 19:36
"state,site,tourism,travel,travel tourism,tourism site,travel tourism site",Travel and tourism site for state of Minnesota hosted by Explore Minnesota Tourism -- Note added 4/26/15 2:33
virginia,Virginia Cooperative Extension  -- Note added 6/6/14 20:29
"state,washington state,state university extension",Washington State University Extension -- Note added 11/20/14 7:10
"virginia,west virginia",West Virginia University Extension Service -- Note added 7/24/14 5:33
"state,state university extension",Iowa State University Extension -- Note added 8/25/15 20:26
,University of Illinois Extension -- Note added 11/20/13 15:35
cooperative extension service,New Mexico Cooperative Extension Service -- Note added 7/25/13 17:39
"state,state university extension",Oregon State University Extension Service -- Note added 6/20/14 16:52
state,Penn State Extension -- Note added 9/30/14 13:18
,Purdue (Indiana) Cooperative Extension -- Note added 7/19/13 13:34
cooperative extension service,University of Delaware Cooperative Extension Service -- Note added 6/7/13 16:52
,Univ of Maine extension -- Note added 8/27/15 18:13
,University of Minnesota Extension -- Note added 12/6/13 16:23
,Univ of NH -- Note added 8/28/15 18:52
,University of Nebraska&ndash;Lincoln Extension -- Note added 11/20/13 19:17
"state,state university extension",Utah State University extension -- Note added 8/21/14 5:14
state,OK State Family & Consumer website -- Note added 8/28/15 16:47
"board,commission,office,florida","The Florida Commission on the Status of Women - The Florida Commission on the Status of Women is a nonpartisan board, statutorily created in 1991, consisting of 22 appointed members. The Commission is administratively housed in the Office of the Attorney General. -- Note added 7/9/15 14:45"
,SC film industry -- Note added 8/28/15 13:47
commission,Pennsylvania Fish and Boat Commission (PFBC) -- Note added 6/7/13 11:30
"lottery,florida",Florida lottery -- Note added 6/12/13 14:07
florida,"Florida Courts - The mission of the judicial branch is to protect rights and liberties, uphold and interpret the law, and provide for the peaceful resolution of disputes. -- Note added 6/17/15 13:01"
"department,florida,department education",Florida Department of Education -- Note added 6/17/15 13:06
"office,florida",Florida Governor's Office -- Note added 6/6/13 18:08
"office,services,florida","Florida Office of Financial Regulation - Key Function: provides regulatory oversight for Florida's financial services providers.  Mission: to protect the citizens of Florida, promote a safe and sound financial marketplace, and contribute to the growth of Florida's economy with smart, efficient and effective regulation of the financial services industry. -- Note added 6/17/15 13:13"
"office,florida",Florida Office of Insurance Regulation - To promote a stable and competitive insurance market for consumers. -- Note added 6/17/15 13:17
"office,authority,florida,national guard",Florida National Guard Counterdrug.  n   Florida Counterdrup Program - Under this authority our office provides oversight of the FLARNG and FLANG Substance Abuse Prevention Programs.      -- Note added 6/17/15 13:20
"commission,florida",Florida Fish and Wildlife Conservation Commission -- Note added 7/8/14 12:46
florida,Florida re-districting website.  House Speaker Will Weatherford and Senate President Don Gaetz called a special session from August 7-15 to amend Congressional Districts 5 and 10 consistent with the Final Judgment issued by the circuit court in Romo v. Detzner and to make conforming changes to districts that are a direct result of the changes to Congressional Districts 5 and 10. -- Note added 6/23/15 18:02
"department,health,public,florida,public health","Florida Environmental Public Health Tracking, Florida Department of Health This web portal was supported by Cooperative Agreement Number 5U38EH000941 from the Centers for Disease Control and Prevention. Its contents are solely the responsibility of the authors (FL Tracking Team) and do not necessarily represent the official views of the Centers for Disease Control and Prevention. -- Note added 7/9/15 15:15"
"state,florida","The state of Florida's Unclaimed Property, Florida Treasure Hunt. -- Note added 6/6/13 18:08"
florida,"Florida Water Permiting Portal This portal provides links to information about water resource permitting in Florida, and links to DEP and the water management districts to: n Apply for permits and other authorizations, including: n Environmental Resource Permits * (and authorizations to use state-owned submerged lands, where applicable) Consumptive and Water Use Permits Well Construction Permits Works of the District Permits    -- Note added 6/23/15 18:21"
"department,services,florida,department agriculture consumer",Florida Department of Agriculture and Consumer Services -- Note added 1/10/14 19:03
,National Government of the Federated States of Micronesia -- Note added 6/12/13 13:58
national guard,Georgia National Guard -- Note added 1/23/14 13:59
"state,department,department education",State of Georgia Department of Education -- Note added 6/6/13 18:08
lottery,Georgia lottery -- Note added 6/12/13 14:07
,GA Do Not Call List. GA Dept of Law. Consumer Protection Unit.  -- Note added 8/25/15 15:32
state,Georgia State Defense Force -- Note added 1/23/14 14:03
"state,public",Georgia State Defense Force public beta domain. Crosslinked with gasdf.us email domain.
"state,public",Georgia State Defense Force email domain. Referenced on https://directory.doas.ga.gov/. Not in use as a public website.
"state,department,board,office,state board,department education","GEAR UP Mississippi operates as part of the Institutions of Higher Learning, Office of Academic and Student Affairs in collaboration with the Mississippi Department of Education, State Board for Community and Junior Colleges and community and national partners. Funding is provided by the United States Department of Education. -- Note added 7/23/14 17:21"
national guard,Lousiana National Guard -- Note added 1/22/14 19:28
,New Mexico Bureau of Geology & Mineral Resources -- Note added 7/16/14 5:13
commission,The Georgia Civil War Commission -- Note added 8/25/15 15:31
,The Georgia Fiscal Management Council    -- Note added 8/25/15 15:30
,Georgia Trust (Preservation Committee) -- Note added 8/25/15 15:28
office,Governor's Office of Homeland Security and Emergency Preparedness -- Note added 1/10/14 19:17
commission,Oregon Student Access Commission -- Note added 1/10/14 19:17
,Ga National Fair Grounds and Agricenter -- Note added 8/25/15 15:27
commission,Georgia Commission on Dispute Resolution -- Note added 12/5/13 14:15
"site,tourism,travel,authority,travel tourism,tourism site,travel tourism site","Hawaii Tourism Authority, Travel and Tourism Site for Hawaii -- Note added 2/10/15 14:00"
,Pennsylvania Fish and Boat Commission's Outdoor Shop -- Note added 6/7/13 11:34
"nc,carolina,north,department,services,north carolina,carolina department,north carolina department,department agriculture consumer","Got to Be NC Agriculture, Goodness Grows in NC, North Carolina Department of Agriculture & Consumer Services -- Note added 6/28/13 16:56"
"nc,department,nc department","Got To Be NC Festival, a production of the NC Department of Agriculture -- Note added 8/2/13 15:48"
"office,division",Consumer Protection Division of the Arkansas Attorney General's Office -- Note added 1/10/14 19:17
office,"Office of the Governor and Lt. Governor, Commonwealth of the Northern Mariana Islands plus *.gov.mp pattern for other government websites -- Note added 6/7/13 18:59"
,"*.gov.pr pattern for several Puerto Rican government agencies, such as https://www.google.com/#q=site:gov.pr  -- Note added 7/23/14 14:48"
,*.gov.vi pattern for Virgin Island government sites -- Note added 6/7/13 18:57
"department,virginia,services","Virginia Correctional Enterprises, a Department of Corrections work program to produce goods and services for agencies of the Commonwealth of Virginia  -- Note added 11/19/13 21:11"
,"Governor Phil Bryant (Mississippi's 64th governor, 2012-) -- Note added 12/6/13 13:03"
,Governor Morehead School for the Blind -- Note added 7/31/13 16:23
"state,office,louisiana","Office of Group Benefits, State of Louisiana -- Note added 9/22/15 17:04"
commission,Georgia Student Finance Commission -- Note added 8/25/15 15:25
,Guam Attorney General -- Note added 6/7/13 17:47
,Guam Legislature -- Note added 6/7/13 17:46
department,Guam Department of Revenue and Taxation -- Note added 6/7/13 17:56
"site,commission",Official site of the Washington Dairy Products Commission -- Note added 11/20/14 6:54
"state,department,department education",Hawaii State Department of Education -- Note added 6/6/13 18:08
,"Village of Hoffman Estates, IL -- Note added 7/2/14 18:35"
,Minnesota House of Representatives -- Note added 11/9/15 20:35
,Historical Society of New Mexico -- Note added 7/16/14 5:16
"state,services",Michigan State Humanities and Social Services Online -- Note added 9/3/15 15:22
state,High Technology Development Corporation. HTDC 'is a state agency established by the Hawaii State Legislature in 1983 to facilitate the development and growth of Hawaii's commercial high technology industry.' -- Note added 6/12/13 13:21
"nc,health",NC health and Wellness Trust fund -- Note added 9/11/15 20:19
lottery,Iowa Lottery -- Note added 6/12/13 14:08
,University of Nebraska - Lincoln Extension publications -- Note added 11/20/13 19:14
national guard,Idaho Army National Guard -- Note added 1/23/14 14:03
lottery,Idaho Lottery -- Note added 6/12/13 14:09
,IDeal - Idaho College Savings Program -- Note added 7/8/13 19:00
services,"Benefits Portal, http://www.in.gov/fssa/ Indiana Family and Social Services Administration -- Note added 11/20/13 19:35"
"state,office",Office of the Illinois State Treasurer -- Note added 7/2/14 18:37
lottery,Illinois Lottery -- Note added 6/12/13 14:09
"site,tourism,travel,travel tourism,tourism site,new york,travel tourism site",Travel and Tourism Site for New York -- Note added 6/6/13 19:12
"carolina,north,health,north carolina","Inclusive Health, North Carolina Health Insurance Risk Pool, Inc. -- Note added 11/20/13 19:54"
"state,public",Innovate Washington is hereby created as a state agency exercising public and essential governmental functions. Innovate Washington is created as the successor to the Washington technology center and the Spokane intercollegiate research and technology institute (SIRTI). See http://apps.leg.wa.gov/RCW/default.aspx?cite=43.333&full=true  -- Note added 7/23/14 14:21
"site,public,authority,economic development,economic development authority",Guam Economic Development Authority (GEDA) web site. GEDA is an autonomous agency of the Government of Guam and a Guam public corporation. -- Note added 6/7/13 17:59
board,Montana Board of Investments -- Note added 11/21/13 14:44
"authority,economic development,economic development authority",Iowa Economic Development Authority -- Note added 11/21/13 15:05
,"Iowa Tribe of Oklahoma, Perkins, OK -- Note added 11/21/13 15:11"
national guard,Iowa National Guard -- Note added 1/23/14 14:03
state,Iowa State Fair -- Note added 6/12/13 18:48
"carolina,north,health,public,division,north carolina,public health,north carolina division,division public health","The North Carolina Division of Public Health, Injury and Violence Prevention Branch, Youth Suicide Prevention Program works in collaboration with The North Carolina Youth Suicide Prevention Task Force to address youth suicide prevention in North Carolina. -- Note added 11/21/13 20:33"
site,new jersey history site -- Note added 9/16/15 14:49
"state,carolina,north,division,authority,north carolina,north carolina division,state north carolina",Julian F. Keith Alcohol and Drug Abuse Treatment Center. JFK ADATC operates under the authority of the State of North Carolina through the Division of State Operated Healthcare Facilities -- Note added 9/22/15 17:00
department,Jobs4Jersey. NJ Department of Labor and Workforce Development. -- Note added 6/6/13 18:08
,"Unified Courts of Guam, Guam Judiciary - www.justice.gov.gu -- Note added 6/7/13 17:57"
"commission,services","Justice Administration Commission - The Justice Administrative Commission (JAC), created in 1965, provides administrative services on behalf of 49 judicial related entities. -- Note added 6/23/15 19:03"
,Kentucky Academic Advising Association -- Note added 1/3/14 13:19
,Kansas Highway Patrol -- Note added 7/9/14 4:30
,kentucky center -- Note added 8/27/15 16:36
national guard,Kentucky National Guard -- Note added 1/23/14 14:03
, kentucky housing corp -- Note added 8/27/15 16:37
state,Kentucky State Police -- Note added 6/12/13 18:09
"site,tourism,travel,travel tourism,tourism site,travel tourism site",Travel and Tourism Site for Kentucky -- Note added 6/6/13 19:38
authority,Kentucky Higher Education Assistance Authority -- Note added 7/26/13 17:48
,Ky legislature -- Note added 8/27/15 16:39
"state,board,state board",Kansas State Board of Healing Arts -- Note added 7/9/14 4:38
"state,board,state board",Kansas State Board of Nursing -- Note added 7/9/14 4:39
,Kansas Judicial Branch -- Note added 7/9/14 4:40
department,Kansas Department of Transportation -- Note added 3/20/14 15:35
,Kansas Historical Society -- Note added 7/9/14 4:41
state,Kansas State Legislature -- Note added 7/9/14 4:42
lottery,Kansas Lottery -- Note added 6/12/13 14:09
department,Kansas Department of Revenue -- Note added 7/9/14 4:44
"state,office","Office of the Secretary of State, State of Kansas -- Note added 7/23/14 15:51"
department,Kentucky Department of Agriculture -- Note added 7/5/13 17:39
,ky convention center  -- Note added 8/27/15 16:39
board,Kentucky Education Professional Standards Board -- Note added 7/5/13 17:38
,KY expo center -- Note added 8/27/15 16:41
lottery,Kentucky Lottery -- Note added 6/12/13 14:10
,KY Treasury -- Note added 8/27/15 16:42
"board,board examiners",LA Board of Examiners of Nursing Facility Administrators -- Note added 9/22/15 20:03
"board,louisiana",Louisiana Board of Massage Therapy -- Note added 11/12/15 17:36
"board,louisiana",Louisiana Board of Pharmacy -- Note added 8/24/15 14:41
"state,board,louisiana,state board,louisiana state board",Louisiana State Board of Social Work Examiners -- Note added 8/24/15 14:41
"state,board,louisiana,state board,louisiana state board", Louisiana State Board of Chiropractic Examiners -- Note added 8/24/15 14:42
"services,louisiana",The Council of Information Services Directors for Louisiana -- Note added 8/24/15 14:43
"board,louisiana,board examiners",Louisiana Board of Examiners of Certified Shorthand Reporters -- Note added 9/23/15 12:16
louisiana,Louisiana Developmental Disabilities Council -- Note added 9/23/15 13:30
"department,commission,louisiana","Louisiana Egg Commission, Louisiana Department of Agriculture & Forestry  -- Note added 9/23/15 14:53"
"board,louisiana",Louisiana Auctioneers Licensing Board -- Note added 9/23/15 16:37
"board,louisiana",Louisiana Professional Engineering and Land Surveying Board -- Note added 8/24/15 14:46
"board,louisiana",Louisiana Physical Therapy Board -- Note added 8/24/15 14:46
louisiana,Louisiana Supreme Court -- Note added 9/23/15 16:38
"state,board,louisiana,state board,louisiana state board",Louisiana State Board of Architectural Examiners -- Note added 1/14/14 14:13
"commission,louisiana",Louisiana Workforce Commission (LAWorks) -- Note added 9/23/15 16:41
"board,louisiana,board examiners",Louisiana Board of Examiners in Dietetics and Nutrition  -- Note added 8/24/15 14:48
"board,louisiana",Louisiana board of speech language pathology -- Note added 8/24/15 14:51
virgin islands,Legislature of the Virgin Islands -- Note added 8/18/14 14:07
,League of Kansas Municipalities -- Note added 7/9/14 4:50
"carolina,department,carolina department,south carolina","South Carolina Department of Labor, Licensing and Regulation -- Note added 1/17/14 15:50"
,"League of Minnesota Cities Per the 'About the League' section of their website, LMC is 'a membership organization dedicated to promoting excellence in local government.'  -- Note added 4/26/15 4:37"
,Loter√É¬≠a Electr√É¬≥nica de Puerto Rico -- Note added 6/12/13 14:11
"authority,louisiana",Louisiana Community Development Authority -- Note added 9/23/15 12:18
"louisiana,lottery",Louisiana Lottery Corporation -- Note added 6/12/13 14:13
"state,board,louisiana","Louisiana Seafood Board. In 1984, the State of Louisiana created the Louisiana Seafood Promotion & Marketing Board. For more information see https://www.legis.la.gov/legis/BoardMembers.aspx?boardId=355. -- Note added 11/12/15 15:08"
"commission,louisiana",Louisiana Tax Free Shopping Commission -- Note added 9/23/15 16:44
"site,tourism,travel,louisiana,travel tourism,tourism site,travel tourism site",Travel and Tourism Site for Louisiana -- Note added 6/6/13 19:40
"board,board examiners",Licensed Professional Counselors Board of Examiners -- Note added 8/24/15 14:53
louisiana,Police Jury Association of Louisiana -- Note added 7/23/13 19:36
"board,board examiners",LLPVRC Board of Examiners -- Note added 8/24/15 14:54
"state,board,louisiana,state board,board examiners,louisiana state board,state board examiners",Louisiana State Board of Examiners of Psychologists   -- Note added 8/24/15 14:55
"state,board,louisiana,state board,board examiners,louisiana state board,state board examiners",Louisiana State Board of Examiners for Sanitarians -- Note added 9/23/15 16:47
"state,board,louisiana,state board,board examiners,louisiana state board,state board examiners",Louisiana State Board of Examiners of Interior Designers -- Note added 9/23/15 16:48
"board,louisiana",Louisiana Board of Massage Therapy -- Note added 11/12/15 17:34
"state,board,louisiana,state board,louisiana state board",Louisiana State Board of Private Investigator Examiners -- Note added 8/24/15 14:55
"state,board,louisiana,state board,louisiana state board",LOUISIANA STATE BOARD OF PRACTICAL NURSE EXAMINERS -- Note added 8/24/15 14:56
"board,louisiana",Louisiana Board of Veterinary Medicine -- Note added 8/24/15 14:56
"board,louisiana",Louisiana Board of Drug and Device Distributors -- Note added 8/24/15 14:57
,LSU Ag Center -- Note added 8/24/15 14:57
,League of Wisconsin Municipalities -- Note added 8/5/14 6:00
,maine history -- Note added 8/27/15 18:29
"state,authority",maine state housing authority -- Note added 8/27/15 18:30
"state,lottery",Maine State Lottery - www.mainelottery.com -- Note added 6/12/13 14:14
authority,maine turnpike authority -- Note added 8/27/15 18:30
,Comptroller of Maryland -- Note added 5/27/14 3:01
,Mass budget & policy Center -- Note added 8/26/15 16:11
,Ma cultural Council -- Note added 8/26/15 16:11
,Mass historical society -- Note added 8/26/15 16:12
"state,lottery",Massachuetts State Lottery -- Note added 6/12/13 14:14
"site,tourism,travel,travel tourism,tourism site,travel tourism site",Travel and Tourism Site for Massachusetts -- Note added 6/6/13 19:40
state,"Montana Bureau of Mines and Geology, a nonregulatory state agency -- Note added 11/22/13 13:34"
department,"Maryland 511 Traveller Information, Maryland Department of Transportation -- Note added 1/26/15 12:49"
,maine development foundation -- Note added 8/27/15 18:31
department,Maryland Department of Housing and Community Development -- Note added 6/6/13 18:08
"state,office","Maryland Kids Page, Office of the Secretary of State -- Note added 6/6/13 18:08"
lottery,Maryland Lottery -- Note added 6/12/13 14:14
authority,Maryland Stadium Authority -- Note added 5/27/14 3:08
department,"Mississippi Department of Wildlife, Fisheries, and Parks -- Note added 7/25/14 12:41"
,Municipal Employees' Retirement System -- Note added 9/3/15 15:37
office,"Montana Guaranteed Student Loan Program (MGSLP), a program within the Office of the Commissioner of Higher Education -- Note added 11/22/13 13:35"
"health,authority",Alaska Mental Health Trust Authority -- Note added 6/6/13 18:08
"office,health",Alaska Mental Health Trust Land Office -- Note added 6/6/13 18:08
"site,tourism,travel,travel tourism,tourism site,travel tourism site",Travel and Tourism Site for Michigan -- Note added 6/6/13 19:41
,michigan humanities council -- Note added 9/3/15 15:38
lottery,Michigan Lottery -- Note added 12/17/14 12:25
state,Michigan State Park and Harbor Reservations  -- Note added 9/3/15 15:41
lottery,Michigan Lottery Connect (Blog) -- Note added 12/17/14 12:29
national guard,Michigan National Guard -- Note added 1/23/14 14:03
national guard,Minnesota National Guard URL must have 'www' to resolve  -- Note added 4/26/15 5:37
authority,Mississippi Development Authority -- Note added 7/25/14 12:42
state,Campgrounds and Camping at Mississippi State Parks -- Note added 3/20/14 16:45
,"Missouri Center for the Books, an affiliate of the national Center for the Book in the Library of Congress, which was established by law in 1977 to strengthen and celebrate the vital role of books, reading, and libraries in the cultural life of the nation. -- Note added 1/13/14 19:38"
division,"MissouriFamilies is produced by the College of Human Environmental Sciences, Extension Division, University of Missouri -- Note added 1/10/14 19:17"
,"Minnesota Association of Watershed Districts, Inc. Per the 'What is MAWD?' section of their website, 'the Minnesota Association of Watershed Districts provides educational opportunities, information and training for watershed district managers and staff through yearly tours, meetings and quarterly newsletters.' -- Note added 4/26/15 5:42"
national guard,Missouri National Guard -- Note added 1/23/14 14:03
lottery,Missouri Lottery -- Note added 6/12/13 14:15
state,The Alabama State Treasury's official website for unclaimed property searches -- Note added 6/6/13 18:08
"state,site,tourism,office","Montana Kids, an official state site of the http://visitmt.com/ Montana Office of Tourism. -- Note added 11/22/13 13:38"
lottery,Montana Lottery -- Note added 6/12/13 14:15
state,"Montana State Fund, created by the state legislature in 1990 to create a fair and equitable system of workers' compensation insurance. -- Note added 11/18/13 16:26"
state,Mountain State Combined Federal Campaign -- Note added 7/24/14 5:41
state,"Mississippi Industries for the Blind, a state agency of Mississippi -- Note added 7/25/14 12:47"
"state,board,state board",Mississippi State Board of Contractors -- Note added 7/25/14 12:48
commission,Mississippi Athletic Commission -- Note added 7/25/14 12:49
"state,commission",Maryland State Commission on Criminal Sentencing Policy -- Note added 5/27/14 3:25
,Mississippi Emergency Management Agency -- Note added 7/25/14 12:51
,Mississippi Home Corporation -- Note added 7/25/14 12:52
"state,state university extension",Mississippi State University Extension -- Note added 7/25/14 12:52
"state,state university extension",Michigan State University Extension -- Note added 11/19/13 13:43
"state,state university extension",Montana State University Extension -- Note added 11/22/13 13:44
"department,authority","Montana Facility Finance Authority, MT Department of Commerce -- Note added 11/22/13 13:46"
department,"Montana Finance Information Center, MT Department of Commerce -- Note added 11/22/13 13:55"
lottery,Arkansas Scholarship Lottery -- Note added 6/12/13 14:17
"state,florida",The official state portal of the State of Florida -- Note added 6/6/13 18:08
"department,services,florida",Florida Department of Financial Services -- Note added 7/31/13 17:13
"office,florida",Florida Office of the Attorney General -- Note added 1/10/14 19:17
"health,florida",Developed by the Florida Attorney General and the Agency for Health Care Administration (AHCA) to help consumers shop for the lowest price in their area for their prescription drugs. -- Note added 1/10/14 19:17
"commission,florida",Florida Fish and Wildlife Conservation Commission -- Note added 7/7/14 12:02
"site,tourism,travel,travel tourism,tourism site,travel tourism site",Travel and Tourism Site for the Northern Mariana Islands -- Note added 6/6/13 19:42
virgin islands,"National Archives and Records Management Unit, Government of the Virgin Islands -- Note added 8/18/14 14:03"
nc,NC Museum of Natural Sciences -- Note added 11/12/15 15:15
nc,NC Council on Developmental Disabilities -- Note added 1/14/14 14:15
"carolina,north,lottery,north carolina",North Carolina Education Lottery -- Note added 6/12/13 14:18
"state,nc,office",NC State Construction Office -- Note added 9/16/15 13:21
"carolina,north,commission,north carolina",North Carolina Alcoholic Beverage Control Commission -- Note added 9/11/15 20:30
nc,NC Agriculture Development & Farmland Preservation Trust Fund -- Note added 11/12/15 15:13
"carolina,north,department,services,division,north carolina,carolina department,north carolina department,department agriculture consumer","Multi-Hazard Threat Database, Emergency Programs Division, North Carolina Department of Agriculture and Consumer Services -- Note added 7/26/13 15:42"
"carolina,north,division,north carolina,north carolina division",North Carolina Division of Air Quality -- Note added 3/20/14 15:16
"carolina,north,board,north carolina",The North Carolina Auctioneers board -- Note added 9/11/15 20:32
nc,NC Court System  -- Note added 9/11/15 20:32
"nc,board",NC appraisal board -- Note added 9/11/15 20:33
"nc,public",NC Triangle Public Access TV n  n  -- Note added 9/11/15 20:35
nc,NC Aquariums -- Note added 9/11/15 20:35
nc,NC Museum of Art -- Note added 9/11/15 20:36
"carolina,north,north carolina",North Carolina Arts Council -- Note added 11/20/13 12:24
"nc,department,health,public,services,division,nc department,department education,health human services,department health human","NC Assistive technology Program - Receives grant funding under Public Law 108-364  through the Rehabilitation Services Administration, U.S. Department of Education, and is administered by the N.C. Department of Health and Human Services, Division of Vocational Rehabilitation Services -- Note added 11/12/15 15:02"
"state,nc,office",NC Office of the State Auditor -- Note added 1/14/14 13:12
"carolina,north,board,north carolina,north carolina board",North Carolina Board of Architecture -- Note added 9/11/15 20:37
"nc,board",NC Board of Athletic Trainers Examiners -- Note added 9/11/15 20:38
"carolina,north,board,north carolina,north carolina board",North Carolina Board of Dietetics/Nutrition   -- Note added 9/11/15 20:38
"nc,board,board examiners",NC Board of Examiners of electrical contractors -- Note added 9/11/15 20:39
"nc,board,board examiners",NC Board of Examiners for engineers and surveyors -- Note added 9/11/15 20:40
"nc,board",NC Board of Nursing Homes Administrators -- Note added 9/11/15 20:41
"nc,board,services",NC Board of Funeral Services -- Note added 9/11/15 20:41
"nc,board",NC Board of Law Examiners -- Note added 9/14/15 20:44
"carolina,north,board,north carolina,north carolina board",The North Carolina Board for the Licensing of Geologists  -- Note added 9/14/15 20:27
"carolina,north,board,north carolina,north carolina board",The North Carolina Board of Licensed Professional Counselors -- Note added 9/14/15 20:28
"carolina,north,north carolina",The North Carolina Soil Scientist Licensing Program -- Note added 9/14/15 20:28
"nc,board,board examiners",NC Board of Examiners for Speech Language and Pathologist & Audiologist n  -- Note added 9/14/15 20:30
"nc,board",Welcome to the NC Board of Landscape Architects -- Note added 9/14/15 20:31
"nc,board",NC Board of Nursing -- Note added 9/14/15 20:31
"nc,board",NC Board of Pharmacy -- Note added 9/14/15 20:32
"carolina,north,board,north carolina,north carolina board",The North Carolina Board of Occupational Therapy -- Note added 9/14/15 20:32
"state,carolina,north,board,north carolina,state north carolina",The Board of Podiatry Examiners for the State of North Carolina  -- Note added 9/14/15 20:32
nc,NC Waste Management -- Note added 9/14/15 20:33
nc,nc business court -- Note added 9/14/15 20:33
nc,NC School bus Safety -- Note added 9/14/15 20:34
"carolina,north,department,division,north carolina,carolina department,north carolina department","Rail Division, North Carolina Department of Transportation -- Note added 7/24/13 16:07"
"carolina,north,board,north carolina",North Carolina Social Work Certification and Licensure Board -- Note added 9/22/15 14:10
"carolina,north,north carolina","The North Carolina Center for Global Logistics is a collaborative effort between community colleges, universities, and industry partners focused on developing a highly trained workforce for the logistics and supply chain industry. -- Note added 9/14/15 20:47"
nc,NC Child Support Enforcement -- Note added 9/14/15 20:36
"carolina,north,board,north carolina,north carolina board",North Carolina Board of Chiropractic Examiners -- Note added 9/14/15 20:37
"carolina,north,department,north carolina,carolina department,north carolina department,department cultural resources","North Carolina Civil War Sesquicentennial, North Carolina Department of Cultural Resources -- Note added 11/12/15 14:54"
"nc,division",NC Division of Coastal Management -- Note added 1/14/14 14:16
nc,"NC Coastal Reserve and National Estuarine Research Reserve, NC DEQ -- Note added 11/12/15 14:51"
"carolina,north,office,north carolina,north carolina office",North Carolina Office of the Commissioner of Banks (NCCOB) -- Note added 11/19/13 18:51
"carolina,north,department,north carolina,carolina department,north carolina department",North Carolina Department of Commerce -- Note added 7/24/13 16:42
nc,nc court system -- Note added 9/14/15 20:38
"nc,public",NC Dept of Public Safety -- Note added 9/14/15 20:39
"nc,department,nc department",N.C. Department of Environment and Natural Resources -- Note added 7/24/13 16:27
"state,carolina,north,board,north carolina,state board,north carolina state",North Carolina State Board of Dental Examiners -- Note added 9/14/15 20:40
"carolina,north,site,north carolina","This site is a tool for North Carolina citizens and providers to reduce the impact of diabetes through leadership, education, communication and community involvement. -- Note added 9/14/15 20:41"
"nc,carolina,north,office,north carolina","The NC Helping Neighbors Fund is managed by the Governor's Office, in partnership with United Way of North Carolina. Donations are tax deductible; 100% of donated funds will go to the states impacted by Hurricane Sandy. -- Note added 9/14/15 20:48"
"nc,department,public,division,nc department,nc department public"," Juvenile Justice section of the N.C. Department of Public Safety, Division of Adult Correction and Juvenile Justice.  -- Note added 9/15/15 16:00"
"nc,division","Division of Marine Fisheries, NC DENR -- Note added 11/12/15 14:07"
"nc,commission",NC Marine Fisheries Commission Store -- Note added 11/12/15 14:39
"nc,public,division",NC Division of Non Public Education -- Note added 9/15/15 16:01
"carolina,north,department,north carolina,carolina department,north carolina department",North Carolina Department of Insurance -- Note added 11/19/13 20:06
,Dept of Justice -- Note added 9/15/15 16:04
"carolina,north,north carolina",North Carolina Drought Management Advisory Council -- Note added 11/12/15 14:05
"nc,division",NC DENR's Division of Waste Management -- Note added 11/12/15 13:55
"carolina,north,office,north carolina,north carolina office",The North Carolina Office of EMS -- Note added 9/15/15 16:07
"state,carolina,north,public,north carolina",The North Carolina Forest Service operates a system of six Educational State Forests (ESFs) designed to teach the public - especially school children - about the forest environment. -- Note added 9/15/15 16:34
"nc,division","Facility Management Division, NC DOA -- Note added 11/12/15 13:45"
"carolina,north,north carolina","North Carolina Farm Fresh is a directory of pick-your-own farms, roadside farm markets, and farmers markets throughout North Carolina. It is designed to help the consumer, find the freshest locally grown fruits, vegetables, christmas trees, ornamental plants, flowers, and herbs. -- Note added 9/15/15 16:34"
"nc,carolina,north,department,services,north carolina,carolina department,north carolina department,department agriculture consumer","NC Farm to School program, North Carolina Department of Agriculture and Consumer Services -- Note added 6/12/13 18:34"
"carolina,north,office,health,north carolina","North Carolina Farmworker Health Program (NCFHP), a statewide Migrant Health Voucher Program within the Office of Rural Health -- Note added 11/12/15 13:44"
"nc,office",NC Film Office -- Note added 9/15/15 16:35
"carolina,north","Firewise North Carolina,¬†North Carolina Forest Service -- Note added 6/12/13 18:15"
division,Division of Marine Fisheries  -- Note added 9/15/15 16:36
nc,NC flood risk information system -- Note added 9/15/15 16:37
nc,NC Foreclosure Prevention Fund -- Note added 11/12/15 13:43
"carolina,north,north carolina","North Carolina Forest Action Plan, North Carolina Forest Service -- Note added 11/12/15 13:40"
"carolina,north,north carolina",North Carolina Forest Action Plan See historical snapshot at: http://web.archive.org/web/20140517174935/http://ncforestassessment.com/  -- Note added 11/12/15 13:39
"nc,site",NC Fresh Produce Information site -- Note added 9/15/15 16:37
"state,carolina,north,north carolina,state north carolina",State of North Carolina -- Note added 1/14/14 13:05
"nc,carolina,north,department,public,north carolina,nc department,nc department public","Governor's School of North Carolina, NC Department of Public Instruction -- Note added 6/12/13 18:35"
"carolina,north,north carolina",The North Carolina Global TransPark -- Note added 9/15/15 16:39
nc,NC hearing Aid Dealers -- Note added 9/15/15 16:39
"nc,health,services,health human services",NC Health & Human Services -- Note added 9/15/15 16:39
nc,NC Healthy School Website -- Note added 9/15/15 16:41
nc,NC Housing Finance Agency  -- Note added 9/15/15 16:42
"carolina,north,board,north carolina",North Carolina Home Inspetor Licensure Board -- Note added 11/20/13 12:38
nc,NC Historic Sites -- Note added 9/15/15 16:42
"office,services",Office of Indigent Defense Services  -- Note added 9/15/15 16:43
nc,NC International House -- Note added 9/15/15 16:44
nc,NC Institute of Medecine -- Note added 9/15/15 16:45
"carolina,north,board,north carolina",The North Carolina Interpreters & Transliterators Licensing Board -- Note added 9/15/15 16:45
"state,carolina,north,services,north carolina",NCknows is a service that allows North Carolina residents to get help from librarians and use their library resources remotely through a computer. NCknows is a pilot project supported by a grant under the Federally-funded Library Services and Technology Act (LSTA). The project is administered by the State Library of North Carolina in Raleigh with help from a committee of librarians and directors from North Carolina's libraries. -- Note added 11/12/15 13:22
nc,NC Dept of Labor -- Note added 9/15/15 16:45
nc,NC Generla Assembly  -- Note added 9/15/15 16:46
"state,carolina,north,board,north carolina,state board,board examiners,state board examiners,north carolina state","North Carolina State Board of Examiners of Plumbing, Heating and Fire Sprinkler Contractors -- Note added 9/15/15 16:46"
"state,nc",NC Lifetime Income - Members of the Teachers' and State Employees' Retirement System (TSERS) and Local Governmental Employees' Retirement System (LGERS) will have a one-time opportunity to transfer all or part of their NC 401(k) and/or NC Deferred Compensation (457) funds to the Retirement System in order to receive lifetime income at or after retirement. -- Note added 11/12/15 13:21
"nc,public",NC Public Library -- Note added 9/15/15 16:47
"carolina,north,north carolina",North Carolina League of Municipalities -- Note added 6/6/13 18:08
"carolina,north,board,north carolina",the board of Marriage and family therapy of North Carolina -- Note added 9/15/15 16:48
"carolina,north,board,north carolina",The North Carolina Locksmith Licensing Board -- Note added 9/15/15 16:48
"state,carolina,north,office,services,north carolina,north carolina office,state north carolina",State of North Carolina Office of Information Technology Services -- Note added 9/15/15 16:49
"carolina,north,north carolina",North Carolina Maritime Museum System -- Note added 8/2/13 15:50
"nc,carolina,north,department,north carolina,nc department,department cultural resources","North Carolina Highway Historical Marker Program, NC Department of Cultural Resources -- Note added 11/12/15 13:19"
"nc,board",NC Medical Board -- Note added 9/15/15 16:53
"nc,division",NC Division of Medical Assistance -- Note added 9/15/15 16:54
"nc,office,health",N.C. Office of Minority Health and Health Disparities -- Note added 9/15/15 16:55
nc,NC Motor fleet management -- Note added 9/15/15 16:55
"nc,health",The N.C. Health Care Personnel Registry Section   -- Note added 9/15/15 16:56
nc,Early Hearing Detection and Intervention Program (NC DHHS &gt; DPH &gt; WCH Section &gt; Children and Youth Branch) -- Note added 11/12/15 13:18
"carolina,north,north carolina",The North Carolina Natural Heritage Program -- Note added 9/15/15 16:56
"state,carolina,north,north carolina,state agencies","Established in 1987, the North Carolina Natural Heritage Trust Fund provided supplemental funding to select state agencies for the acquisition and protection of important natural areas, to preserve the state's ecological diversity and cultural heritage, and to inventory the natural heritage resources of the state. In July 2013, these key purposes were incorporated in the Clean Water Management Trust Fund enabling legislation and the NHTF statute was repealed. See historical snapshot at:  http://web.archive.org/web/20150129185256/http://www.ncnhtf.org/pages/aboutnhtf.htm  -- Note added 11/12/15 13:15"
"carolina,north,office,north carolina,north carolina office",North Carolina Office of Administrative Hearings -- Note added 9/15/15 16:57
nc,Welcome to the Grand Chapter of NC Order of the Eastern Star -- Note added 9/15/15 16:57
"nc,north,public",NC OneMap is a public service providing comprehensive discovery and access to North Carolina's geospatial data resources. -- Note added 9/15/15 16:58
"nc,north,public","NC OneMap, a public service providing comprehensive discovery and access to North Carolina's geospatial data resources. -- Note added 11/12/15 13:13"
"state,carolina,north,board,north carolina,state board,board examiners,state board examiners,north carolina state",he North Carolina State Board of Examiners in Optometry -- Note added 9/15/15 16:58
"nc,department,health,public,public health,nc department,nc department public","NC Physical Activity and Nutrition Branch (NC PAN), NC Department of Public Health See historical snapshot at: http://web.archive.org/web/20130128034822/http://www.ncpanbranch.com/  -- Note added 11/12/15 13:12"
nc,NC ports  -- Note added 9/15/15 17:03
nc,NC Progress Portal -- Note added 9/15/15 17:03
"nc,board",nc psychology board -- Note added 9/15/15 17:03
"carolina,north,board,north carolina,north carolina board",The North Carolina Board of Physical Therapy Examiners -- Note added 9/15/15 17:04
"carolina,north,department,office,north carolina,north carolina office,department cultural resources","Historical Publications, North Carolina Office of Archives and History, Department of Cultural Resources -¬†www.ncpublications.com -- Note added 6/6/13 18:34"
"carolina,north,health,public,division,north carolina,public health,north carolina division,division public health",North Carolina Division of Public Health -- Note added 7/26/13 15:09
"nc,public",nc public schools -- Note added 9/15/15 17:05
"nc,department,health,services,nc department,health human services,department health human","Radiation Protection Section, NC Department of Health and Human Services -- Note added 1/14/14 14:18"
"nc,site",NC Radon Awarenes Site -- Note added 9/15/15 17:05
"nc,site,services","We serve the NC insurance industry by providing services and programs for automobile, property and workers compensation insurance. This site contains information for these types of insurance. -- Note added 9/15/15 17:06"
"carolina,north,north carolina",the North Carolina Respiratory Care   -- Note added 9/15/15 17:13
"carolina,north,authority,north carolina",North Carolina Rural Electrification Authority -- Note added 9/15/15 17:14
"state,nc,board,health,state board",NC State Board of Environmental Health Specialist Examiners -- Note added 11/19/13 20:40
nc,nc report cards for schools -- Note added 9/15/15 17:16
nc,nc science and technology -- Note added 9/15/15 17:17
nc,NC School for the deaf -- Note added 9/15/15 17:17
"state,nc",NC State Employees Combined Campaign -- Note added 9/15/15 17:18
"carolina,north,health,north carolina",North Carolina Seniors' Health Insurance Information Program (SHIIP) -- Note added 1/22/14 19:19
"nc,carolina,north,department,health,public,north carolina,public health,nc department,nc department public","North Carolina Sickle Cell Syndrome Program, NC Department of Public Health -- Note added 11/12/15 13:09"
"state,nc,carolina,north,department,public,division,north carolina,carolina department,north carolina department,north carolina state",The North Carolina State Improvement Project (NC SIP ). NC SIP is a program in the Exceptional Children Division of the North Carolina Department of Public Instruction (NC DPI). -- Note added 9/15/15 17:19
"carolina,north,site,north carolina","Thank you for visiting ACCESSNC, your one-stop source for North Carolina economic data and site information. -- Note added 9/15/15 17:19"
"carolina,health","The Carolina Star Program is designed to recognize and promote effective safety and health management systems. In Star, management, labor and OSH establish a cooperative relationship at a workplace that has implemented a strong program. -- Note added 9/15/15 17:20"
"state,nc",NC state Fair -- Note added 9/15/15 17:20
"nc,site",NC Stormwater and Runoff pollution site -- Note added 9/15/15 17:22
"state,nc",NC State Univ Extension  -- Note added 9/15/15 17:22
"carolina,north,board,north carolina",North Carolina Social Work Certification and Licensure Board -- Note added 9/22/15 14:12
nc,NC Symphony -- Note added 9/15/15 17:22
"nc,department,health,services,nc department,health human services,department health human","Tobacco Free Schools, NC Department of Health and Human Services -- Note added 2/25/14 13:20"
"state,carolina,north,office,north carolina,state north carolina",State of North Carolina Japan Office -- Note added 7/24/13 16:40
,NC-TOPPS homepage is now http://www.ncdhhs.gov/MHDDSAS/providers/NCTOPPS/index.htm. Entry still included here for nctopps.ncdmh.net pattern for pages such as https://www.google.com/search?q=site%3Anctopps.ncdmh.net. -- Note added 7/23/14 14:41
"state,nc,office",NC Office of State Personnel -- Note added 1/14/14 13:06
nc,NC Transportation Museum -- Note added 9/15/15 17:25
"state,carolina,north,department,north carolina,carolina department,north carolina department",North Carolina Department of State Treasurer -- Note added 6/6/13 18:09
"carolina,north,board,north carolina",North Carolina Veterinary Medical Board -- Note added 9/15/15 17:30
north,North Carolina's marketplace for discarded or surplus materials and products. -- Note added 9/15/15 17:31
"nc,division",NC Division of Water Resources -- Note added 9/15/15 17:31
"carolina,north,division,north carolina,north carolina division",North Carolina Division of Water Resources -- Note added 11/12/15 12:58
"carolina,north,department,commission,health,public,services,north carolina,public health,health human services,department health human","North Carolina Well Contractors Certification Commission - protects the public health and safety by ensuring the integrity and competence of well contractors through examination, certification, continuing education and enforcement. The Well Contractors Certification Unit is now part of the Department of Health and Human Services. -- Note added 11/12/15 12:57"
"nc,commission",nc wildlife resource commission  -- Note added 9/15/15 17:32
"nc,public","NC WiseOwl (NC Online Windows for Learning) has been providing online subscription resources for our schools since 1999.  Our mission is to ensure that all of our public and charter school students have access to a collection of online resources for use in research projects and homework assignments, without regard to the economic status of their local school system.  NC WiseOwl has three major strengths as an educational resource: -- Note added 9/15/15 17:33"
"nc,carolina,north,department,north carolina,carolina department,north carolina department",NC Zoo is an agency of the North Carolina Department of Natural and Cultural Resources -- Note added 11/12/15 12:48
north,North Dakota League of Cities -- Note added 7/22/14 6:08
department,Nevada Department of Wildlife -- Note added 1/27/14 20:15
department,Nevada Department of Wildlife (NDOW) Licensing -- Note added 10/21/13 11:53
north,North Dakota Recorders Information Network -- Note added 7/21/14 6:33
"north,site,tourism,travel,travel tourism,tourism site,travel tourism site",Travel and Tourism Site for North Dakota -- Note added 6/6/13 19:42
board,Nebraska Ethanol Board -- Note added 12/6/13 19:53
,Nebraska AgRelations Council -- Note added 12/6/13 19:45
,Nebraska Association of Transportation Providers -- Note added 12/6/13 20:02
state,"Nebraska Arts Council. The Council is funded by the State of Nebraska, the National Endowment for the Arts, and the Nebraska Cultural Endowment. -- Note added 12/6/13 19:38"
board,Nebraska Corn Board -- Note added 12/6/13 19:41
commission,Nebraska Dry Bean Commission -- Note added 12/6/13 19:49
state,Nebraska State Historical Society -- Note added 12/9/13 18:24
"state,commission",Nebraska State Racing Commission -- Note added 12/6/13 20:01
board,Nebraska Wheat Board -- Note added 12/6/13 20:06
"department,economic development",Nebraska Department of Economic Development -- Note added 12/6/13 19:50
lottery,Nebraska Lottery -- Note added 6/12/13 14:18
department,Nevada Department of Transportation -- Note added 6/26/13 15:23
,The Nevada Judiciary -- Note added 1/24/14 13:06
"site,tourism,travel,travel tourism,tourism site,travel tourism site",Travel and Tourism Site for New Mexico -- Note added 6/6/13 19:42
"department,economic development",Pennsylvania Department of Community & Economic Development -- Note added 6/6/13 18:08
,Nebraska Forest Service -- Note added 12/6/13 19:55
,NH Historical Society -- Note added 9/2/15 19:01
,NH Municipal Association -- Note added 9/2/15 19:02
"commission,lottery",New Hampshire Lottery Commission -- Note added 6/12/13 14:19
state,NH State Parks -- Note added 9/2/15 19:03
"authority,economic development,economic development authority",New Jersey Economic Development Authority -- Note added 9/16/15 15:52
"department,division","Division of Fish and Wildlife, NJ Department of Environmental Protection -- Note added 6/7/13 11:33"
state,New Jersey State Library -- Note added 7/26/13 16:17
,New Jersey Surcharge Violation System (NJSVS) -- Note added 9/16/15 15:53
department,Department of Labor and Workforce Development   -- Note added 9/16/15 15:53
lottery,New Mexico Lottery -- Note added 6/12/13 14:20
"health,public,public health",New Mexico Environmental Public Health Tracking -- Note added 10/24/14 12:11
,"Special Supplemental Nutrition Program for New Mexico Women, Infants & Children -- Note added 1/10/14 19:17"
"nc,health,public,services,division,public health,health human services,division public health","Nutrition Services Branch, Women's and Children's Health, NC Division of Public Health, NCDepartment of Health and Human Services  -- Note added 3/20/14 16:33"
"state,department,health,services,division,health human services,department health human","Aging and Disability Services Division, Department of Health and Human Services, State of Nevada -- Note added 6/17/13 15:40"
"state,new york,york state,new york state",New York State Conference of Mayors and Municipal Officials (NYCOM) -- Note added 7/2/15 10:49
new york,New York Historical Society Museum and Library -- Note added 7/2/15 10:50
"state,new york,york state,new york state",New York State Council on the Arts -- Note added 7/2/15 10:51
"state,new york,york state,state agencies,new york state",New York State eGovernment listing of state agencies -- Note added 9/25/13 15:35
"state,new york,york state,new york state",New York State Fair -- Note added 6/12/13 18:48
"state,new york,york state,new york state",New York State Homes and Community Renewal -- Note added 9/9/15 13:48
"state,new york,york state,new york state",New York State Local Government IT Directors Association (NYSLGITDA) -- Note added 7/2/15 10:59
"state,new york,york state,new york state",New York State Police Recruitment Center -- Note added 1/3/14 13:14
commission,OK Corporation Commission -- Note added 8/28/15 18:20
office,"Office of Hawaiian Affairs - 'Under the direction of nine trustees elected statewide, OHA has functioned operationally as both a government agency with a strong degree of autonomy, and as a trust.' -- Note added 6/12/13 13:27"
,Ohio Bureau of Workers' Compensation -- Note added 3/26/14 18:21
,Ohio Humanities Council -- Note added 3/26/14 18:28
lottery,Ohio Lottery -- Note added 6/12/13 14:22
,Ohio Recorders' Association -- Note added 3/26/14 18:36
,Oregon Historical Society -- Note added 6/20/14 7:38
,OK career tech website -- Note added 8/28/15 18:21
services,OK dept of human services -- Note added 8/28/15 18:21
department,"OKLibShare, Oklahoma Department of Libraries -- Note added 8/27/15 16:00"
commission,OK LP Gas commission -- Note added 8/28/15 18:22
"state,virginia",State of Virginia Olmstead Initiative -- Note added 8/27/15 14:13
,Ohio Municipal League -- Note added 3/26/14 18:40
"north,office,division","Office of Land and Water Stewardship, a non-regulatory division within North Carolina's DENR that provides information and assistance to support effective conservation and resilient communities.  -- Note added 11/12/15 12:36"
commission,Oregon Arts Commission -- Note added 6/20/14 7:34
office,Oregon Governor's Office of Film and Television -- Note added 3/20/14 16:53
lottery,Oregon Lottery -- Note added 6/12/13 14:22
state,Oregon State Fair -- Note added 6/20/14 7:22
,"The Oklahoma Resources Integration General Information Network System (Origins) is an online database which contains economic, social, and demographic data intended for use by community leaders, educators, businesses, government agencies, and decision makers. -- Note added 8/28/15 18:22"
"state,office",Office of the State Bank Commissioner of Kansas -- Note added 7/10/14 6:29
state,OK State Court System -- Note added 8/28/15 18:23
"state,office",Office of the Maryland State Prosecutor -- Note added 5/27/14 3:40
"carolina,north,division,north carolina,north carolina division",North Carolina Division of Environmental Assistance and Customer Service   -- Note added 9/15/15 17:43
,Commonwealth of Pennsylvania's media hub -- Note added 6/6/13 18:08
,Unified Judicial System of Pennsylvania -- Note added 1/10/14 15:20
authority,PA eHealth Partnership Authority -- Note added 6/7/13 11:53
,Pennsylvania FirstNet. See also http://www.ntia.doc.gov/sligp/pennsylvania.  -- Note added 9/24/14 16:11
,Republic of Palau National Government -- Note added 6/7/13 18:27
,Palau Judiciary Branch -- Note added 5/27/14 15:03
"state,office,public",Georgia State Defense Force public affairs office. Website mirrored on gasdf.com. Referenced on https://ga.ng.mil/Leadership/Georgia-State-Defense-Force/.
,South Dakota Parks & Wildlife Foundation -- Note added 7/17/14 5:50
state,PA State System of Higher Education -- Note added 6/7/13 11:53
authority,PA Patient Safety Authority -- Note added 6/7/13 11:53
commission,Pennsylvania Turnpike Commission -- Note added 10/1/14 18:05
health,PA Health Care Cost Containment Council -- Note added 6/7/13 11:53
,PA Higher Education Assistance Agency -- Note added 6/7/13 11:53
authority,PA Higher Educational Facilities Authority -- Note added 6/7/13 11:53
,PA Housing Finance Agency -- Note added 6/7/13 11:53
state,"Pat Harrison Waterway District (PHWD), a Mississippi State Agency that provides camping, cabins and recreational facilities in Mississippi -- Note added 1/13/14 20:28"
"carolina,authority,south carolina",South Carolina Ports Authority -- Note added 6/6/13 18:08
virginia,The Port of Virginia -- Note added 7/14/14 17:09
"state,commission,washington state",Washington State Potato Commission -- Note added 11/17/14 7:11
"state,commission,office","Alabama Historical Commission, State of Alabama Historic Preservation Office -- Note added 7/15/13 18:19"
"carolina,north,department,north carolina,carolina department,north carolina department,department cultural resources","Queen Anne's Revenge, a project of the http://www.qaronline.org/ North Carolina Department of Cultural Resources to educate the next generation on colonial life -- Note added 11/20/13 17:34"
state,"Uninsured Employers' Fund, State of Maryland -- Note added 11/20/13 17:37"
state,OK State AG Econ at OSU -- Note added 8/28/15 18:25
"nc,department,public,nc department,nc department public","Ready NC, NC Department of Public Safety -- Note added 1/14/14 14:35"
,"Ready PA, Pennsylvania Emergency Management Agency -- Note added 4/16/14 15:38"
commission,Washington Red Raspberry Commission -- Note added 11/17/14 7:07
"state,board,state board",The State Board of Refrigeration Examiners -- Note added 9/15/15 17:47
"department,division,florida,department education",Division of Vocational Rehabilitation - Florida Department of Education -- Note added 7/1/15 18:43
,Rhode Island Clean Water Finance Agency -- Note added 1/27/14 19:35
,Rhode Island Emissions and Safety Testing -- Note added 1/7/14 18:45
lottery,Rhode Island Lottery -- Note added 6/7/13 18:46
"commission,public",Rhode Island Public Utilities Commission -- Note added 1/29/14 15:24
authority,Rhode Island Turnpike and Bridge Authority -- Note added 1/27/14 15:54
office,"Office of the President, Republic of the Marshall Islands -- Note added 6/12/13 13:31"
state,"SafeMT, a resource of the Montana State Fund for safety in Montana's workplaces. -- Note added 11/18/13 16:35"
"nc,site",NC Safe Haven Law - Abandoned Infant Protection Law Site -- Note added 9/15/15 17:54
"virginia,health","The website of the Virginia Center on Aging (VCoA), a statewide agency created by the Virginia General Assembly and housed at Virginia Commonwealth University in the School of Allied Health Professions. VCoA works to protect and improve the quality of life of older Virginians, so that they might remain interdependent and contributing members to life in Virginia. -- Note added 6/27/14 14:23"
"carolina,public,authority,south carolina","Santee Cooper, also known officially from the 1930s as the South Carolina Public Service Authority, is South Carolina's state-owned electric and water utility that came into being during the New Deal. -- Note added 8/25/14 16:04"
"state,office",New Mexico Office of the State Auditor -- Note added 7/16/14 5:38
nc,Save Water NC -- Note added 11/12/15 12:34
"state,board,florida,state board","Florida State Board of Administration, created by the Florida Constitution and is governed by a three-member Board of Trustees (Trustees), comprised of the Governor as Chair, the Chief Financial Officer and the Attorney General. -- Note added 8/25/14 16:59"
"state,board,state board,washington state",Washington State Board for Community and Technical Colleges -- Note added 4/8/14 18:22
"state,authority","State College Borough Water Authority, PA -- Note added 10/1/14 20:16"
,SC dept of commerce -- Note added 8/28/15 15:19
,SC judicial courts -- Note added 8/28/15 15:19
,SC DMV -- Note added 8/28/15 15:20
"carolina,lottery,south carolina",South Carolina Education Lottery -- Note added 6/12/13 14:24
"carolina,division,south carolina",South Carolina Emergency Management Division -- Note added 8/28/15 15:20
,SC early childhood education program -- Note added 8/28/15 15:20
,SC Gov Mansion  -- Note added 8/28/15 15:23
,SC govoners school for science and math -- Note added 8/28/15 15:23
national guard,SC National Guard -- Note added 8/28/15 15:24
"state,virginia,public","The State Council of Higher Education for Virginia (SCHEV) makes higher education public policy recommendations to the Governor and General Assembly in such areas as capital and operating budget planning, enrollment projections, institutional technology needs, and student financial aid. -- Note added 6/27/14 14:25"
"carolina,north,department,public,north carolina,carolina department,north carolina department","School Planning Section, North Carolina Department of Public Instruction -- Note added 8/25/14 15:01"
"carolina,south carolina",South Carolina Independent Living Council (SCILC) -- Note added 9/22/15 15:16
"carolina,south carolina",South Carolina Independent Living Council (SCILC) -- Note added 9/22/15 15:17
"carolina,south carolina","The South Carolina EPSCoR/IDeA Program, CCCR COBRE, and the USC School of Medicine Instrumentation Resource Facility -- Note added 8/28/15 15:28"
,SC malpractice patient compensation fund -- Note added 8/28/15 15:27
"carolina,south carolina",South Carolina School for the Deaf and Blind -- Note added 8/25/14 15:03
"carolina,south carolina",South Carolina Statewide Independent Living Council (SILC) -- Note added 9/22/15 15:19
state,SC sec of state -- Note added 8/28/15 15:29
"carolina,department,carolina department,south carolina",South Carolina Department of Revenue -- Note added 8/25/14 15:04
"carolina,commission,south carolina",South Carolina Higher EducationTuition Grants Commission -- Note added 8/28/15 15:30
state,SC State Election Committee -- Note added 8/28/15 15:30
,SC Vocab Rehab -- Note added 8/28/15 15:31
department,South Dakota Department of Transportation -- Note added 7/17/14 5:53
authority,South Dakota Housing Development Authority -- Note added 7/17/14 5:54
"state,carolina,north,north carolina",STATE EMPLOYEES ASSOCIATION OF NORTH CAROLINA -- Note added 9/15/15 17:56
,"Seeking Michigan, the online platform for the http://michigan.gov/mhc Michigan Historical Center. It includes http://www.michigan.gov/archivesofmi Archives of Michigan research guides and indexes, a blog, and educator resources&ndash;all from the Michigan Historical Center and Archives of Michigan staff. -- Note added 7/9/14 12:06"
,Minnesota Senate -- Note added 11/9/15 20:36
"department,division","Authorized Service Website for the Arizona Department of Transportation, Motor Vehicle Division -- Note added 1/10/14 19:17"
"state,authority",Mississippi State Port Authority -- Note added 7/25/14 20:50
"state,carolina,north,health,north carolina,north carolina state",North Carolina State Health Plan for Teachers and State Employees -- Note added 7/25/14 15:10
,SLED (Statewide Library Electronic Doorway) -- Note added 6/6/13 18:08
"state,nc,health,public,division,public health,division public health","State Laboratory of Public Health, NC Division of Public Health -- Note added 7/26/13 15:11"
virginia,"Science Museum of Virginia, located in Richmond, VA -- Note added 7/11/14 18:43"
"state,nc",NC Secretary Of State -- Note added 9/15/15 17:58
"carolina,commission,south carolina",south carolina arts commission -- Note added 8/28/15 15:32
"carolina,south carolina",south carolina historical society -- Note added 8/28/15 15:32
"state,public,authority",PA State Public School Building Authority -- Note added 6/7/13 11:53
"state,commission,new york,york state,new york state","Susquehanna River Basin Commission -¬†The Susquehanna River Basin Compact, was signed into law on December 24, 1970. The Compact, as adopted by the Congress of the United States, and the legislatures of New York State, Pennsylvania and Maryland, provides the mechanism to guide the conservation, development, and administration of the water resources of the vast river basin. -- Note added 6/26/13 16:30"
"state,carolina,north,north carolina","Start Squad, kid's portal to the State Library of North Carolina -- Note added 8/25/14 12:12"
north,North Carolina's Justus-Warren Heart Disease and Stroke Prevention Task Force -- Note added 11/10/15 20:35
"state,state agencies","*state.ak.us pattern to include Alaska state agencies, such as those at: https://www.google.com/#q=site:state.ak.us  -- Note added 7/8/14 12:25"
"state,state agencies","*state.al.us pattern to include Alabama state agencies, such as those at: https://www.google.com/#q=site:state.al.us  -- Note added 7/8/14 12:26"
state,*state.ar.us pattern for State of Arkansas agencies -- Note added 7/17/13 19:01
"state,state agencies","*state.az.us pattern to include Arizona state agencies, such as those at https://www.google.com/#q=site:state.az.us.  -- Note added 12/13/13 13:17"
"state,state agencies","*state.ca.us pattern to include California state agencies, such as those at: https://www.google.com/#q=site:state.ca.us  -- Note added 6/27/14 16:14"
state,"Included to find *.state.co.us pattern to find state websites, such as https://www.google.com/search?q=site%3Astate.co.us  -- Note added 1/14/14 15:07"
"state,florida,state agencies","*state.fl.us pattern to include Florida state agencies, such as those at: https://www.google.com/#q=site:state.fl.us   -- Note added 6/27/14 16:15"
state,State of Ga website -- Note added 8/25/15 16:09
state,State of Iowa -- Note added 8/26/15 13:51
,Pattern for *state.id.us websites -- Note added 7/8/13 19:27
state,State of Illinois -- Note added 7/3/14 17:38
state,state of  Indiana -- Note added 8/27/15 14:57
,Ky Website -- Note added 8/27/15 16:57
"state,louisiana",State Library of Louisiana -- Note added 7/26/13 16:18
state,Mass State Website -- Note added 8/26/15 16:22
"state,state agencies","State website is at http://www.maryland.gov. state.md.us pattern to include Maryland state agencies, such as those at https://www.google.com/#q=site:state.md.us. -- Note added 7/23/14 16:07"
state,state of maine -- Note added 8/27/15 20:01
state,state of michigan -- Note added 9/3/15 16:11
"state,services",Minnesota.gov portal; 'electronic entry point to Minnesota State government information and services' -- Note added 6/2/15 1:37
state,State of Mississippi -- Note added 7/8/14 12:53
"state,state agencies",*.state.ne.us pattern to include several state agencies. -- Note added 12/9/13 18:31
state,NH State Website -- Note added 9/2/15 19:11
"state,site,state agencies","http://www.state.nj.us/ and http://www.nj.gov both resolve to the same site. n*state.nj.us pattern to include New Jersey state agencies, such as those at: https://www.google.com/#q=site:state.nj.us  -- Note added 7/8/14 13:04"
state,State of New Mexico -- Note added 7/16/14 5:42
state,State of Ohio -- Note added 3/27/14 18:36
state,State of OK website -- Note added 8/28/15 18:27
state,"http://www.state.or.us/ resolves to a non-styled version of http://www.oregon.gov/  n*state.or.us pattern included here to find State of Oregon agencies, such as: https://www.google.com/search?q=site:state.or.us -- Note added 7/17/14 17:40"
state,State of SC  -- Note added 8/28/15 15:35
state,South Dakota State Government Website -- Note added 7/17/14 6:01
site,Official site of the Tennessee Government -- Note added 6/26/14 13:27
virginia,The official website of the Commonwealth of Virginia -- Note added 6/27/14 14:50
state,State of Vermont -- Note added 8/15/14 14:27
state,State of Washington -- Note added 11/17/14 6:48
,"*.state.wi.us pattern is included here for various Department-level agencies, such as those at: https://www.google.com/search?q=site%3Astate.wi.us  Requires 'www' to resolve. -- Note added 4/2/14 12:49"
"state,tourism,travel,travel tourism",State of Wyoming travel and tourism website -- Note added 7/23/14 5:34
state,Nebraska State Fair -- Note added 12/6/13 19:53
new york,"Staten Island Borough President, New York, NY -- Note added 11/20/13 18:23"
"nc,division",NC Division of Surplus Property -- Note added 9/15/15 18:02
nc,NC sustainability connection -- Note added 9/15/15 18:06
"carolina,north,public,north carolina","Welcome to Teach4NC, dedicated to the recruitment of teaching professionals for public schools in North Carolina. -- Note added 9/15/15 18:19"
commission,Tennessee Holocaust Commission -- Note added 6/26/14 7:22
state,State Bar of Texas -- Note added 6/20/14 16:58
,Tennessee Foreign Language Institute -- Note added 6/26/14 7:21
,Tennessee Housing Development Agency -- Note added 6/26/14 7:19
economic development,kentucky cabinet of economic development -- Note added 8/27/15 16:58
,Texas Municipal Retirement System (TMRS)  -- Note added 8/18/14 16:14
,Tennessee District Attorneys General Conference -- Note added 6/26/14 7:16
,Tennessee Emergency Management Agency -- Note added 6/26/14 7:15
lottery,Lottery Tennessee -- Note added 6/12/13 14:26
national guard,Tennessee National Guard -- Note added 6/26/14 7:13
"state,site,tourism,travel,travel tourism,tourism site,travel tourism site","Tennessee Vacation, the travel and tourism site for the state of Tennessee -- Note added 8/18/14 15:23"
,Texas Parks and Wildlife magazine -- Note added 3/20/14 16:35
"site,tourism,travel,travel tourism,tourism site,travel tourism site",Travel and Tourism Site for Alaska -- Note added 6/6/13 19:44
"site,tourism,travel,travel tourism,tourism site,travel tourism site",Travel and Tourism Site for Iowa -- Note added 6/6/13 19:44
"site,tourism,travel,travel tourism,tourism site,travel tourism site",Travel and Tourism Site for Kansas -- Note added 6/6/13 19:44
"tourism,travel,travel tourism,tourism sites,travel tourism sites",Travel and Tourism Sites for Nevada -- Note added 6/6/13 19:11
"tourism,travel,travel tourism,tourism sites,travel tourism sites",Travel and Tourism Sites for Oklahoma -- Note added 6/6/13 19:11
"site,tourism,commission,travel,travel tourism,tourism site,travel tourism site","Travel and Tourism Site for Oregon, Oregon Tourism Commission -- Note added 7/23/14 16:09"
"tourism,travel,travel tourism,tourism sites,travel tourism sites",Travel and Tourism Sites for South Dakota -- Note added 6/6/13 19:11
"tourism,travel,travel tourism,tourism sites,travel tourism sites",Travel and Tourism Sites for Texas -- Note added 6/6/13 19:11
"tourism,travel,travel tourism,tourism sites,travel tourism sites",Travel and Tourism Sites for Wisconsin -- Note added 6/6/13 19:11
state,Nebraska State Treasurer -- Note added 12/6/13 20:03
commission,Washington Tree Fruit Research Commission -- Note added 11/12/14 6:37
"state,authority,washington state",Washington State Tobacco Settlement Authority -- Note added 4/8/14 18:29
lottery,Texas Lottery -- Note added 6/12/13 14:26
"division,cooperative extension service","University of Arkansas, Division of AgricultureResearch & Extension, University of Arkansas System Arkansas Cooperative Extension Service -- Note added 12/10/14 7:11"
cooperative extension service,University of Alaska Fairbanks Cooperative Extension Service -- Note added 6/7/13 16:34
,University of Idaho Extension -- Note added 7/8/13 14:29
virgin islands,U.S. Virgin Islands Bureau of Economic Research -- Note added 8/18/14 14:14
"authority,economic development,virgin islands,economic development authority",U.S. Virgin Islands Economic Development Authority -- Note added 8/18/14 14:12
,University of Vermont Extension -- Note added 8/18/14 5:33
,University of Wisconsin-Extension -- Note added 8/12/14 5:36
cooperative extension service,University of Wyoming Cooperative Extension Service -- Note added 7/23/14 5:39
"state,virginia",Virginia State Rehabilitation Council (SRC) -- Note added 8/27/15 14:12
"state,virginia","The Virginia Association of Assessing Officers is a professional organization of assessors and appraisers from state and local governments throughout the Commonwealth. The organization's mission is to improve assessment standards, disseminate information on assessment practices, and provide continuing education to its members. -- Note added 7/11/14 18:56"
"board,virginia",Virginia Board for People with Disabilities -- Note added 7/11/14 18:57
virginia,Virginia Commonwealth Neurotrauma Initiative (CNI) Trust Fund -- Note added 9/3/15 11:28
"department,virginia,services,virginia department",Virginia Department for Aging and Rehabilitative Services -- Note added 8/27/15 14:22
"department,virginia,services,virginia department",Virginia Department for Aging and Rehabilitative Services -- Note added 6/6/13 18:09
"virginia,services",Virginia Disability Services Agencies -- Note added 7/14/14 16:54
"department,virginia,virginia department",Virginia Department of Fire Programs -- Note added 6/12/13 18:15
"virginia,lottery",Virginia Lottery -- Note added 6/12/13 14:27
virginia,Virginia Statewide Independent Living Council -- Note added 9/3/15 11:14
virginia,Virginia Assistive Technology System -- Note added 7/11/14 19:06
virginia,Virginia Career Education Foundation is a non-profit organization that works to increase the number of qualified applicants available to fill technical positions throughout the Commonwealth of Virginia. -- Note added 7/11/14 19:07
"department,virginia,virginia department",Virginia Department for the Blind and Vision Impaired -- Note added 7/11/14 19:09
"department,virginia,virginia department",Virginia Department for the Deaf and Hard of Hearing (VDDHH) -- Note added 7/11/14 19:09
"state,north",State of North Carolina's Vendor Registration -- Note added 1/14/14 13:04
,Vermont Arts Council -- Note added 8/18/14 5:35
,Vermont Historical Society -- Note added 8/18/14 5:36
"site,tourism,travel,travel tourism,tourism site,travel tourism site",Travel and Tourism Site for Vermont -- Note added 6/6/13 19:19
"virginia,authority",Virginia Housing Development Authority -- Note added 7/11/14 19:10
,Vermont Housing Finance Agency -- Note added 8/18/14 5:37
"department,board,virginia,services,virginia department,economic development,department agriculture consumer",The Virginia Horse Industry Board is responsible for the promotion and economic development of the horse industry in Virginia and operates through the Virginia Department of Agriculture and Consumer Services. -- Note added 7/11/14 19:12
virginia,"Virginia Industries for the Blind, Commonwealth of Virginia -- Note added 9/3/15 11:46"
"department,department education,virgin islands",Virgin Islands Department of Education -- Note added 8/18/14 14:08
"office,virgin islands",Office of the Virgin Islands Inspector General -- Note added 8/18/14 14:13
"department,virgin islands",U.S. Virgin Islands Police Department -- Note added 8/18/14 14:16
"virginia,tourism,travel,travel tourism,tourism sites,travel tourism sites",Travel and Tourism Sites for Virginia -- Note added 6/6/13 19:11
virginia,Virginia College Savings Plan -- Note added 7/11/14 19:18
"virginia,economic development",Virginia Economic Development Partnership's Ally Information Exchange -- Note added 7/11/14 20:17
"department,virginia,virginia department",Virginia Department of Transportation -- Note added 7/11/14 20:18
"virginia,authority",Virginia Resources Authority -- Note added 7/11/14 20:19
"site,tourism,travel,travel tourism,tourism site,travel tourism site",Travel and Tourism Site for California -- Note added 8/27/13 12:59
,California Welcome Centers -- Note added 8/27/13 12:58
"tourism,travel,travel tourism,tourism sites,travel tourism sites",Travel and Tourism Sites for Delaware -- Note added 6/6/13 19:11
"site,tourism,travel,florida,travel tourism,tourism site,travel tourism site",Travel and Tourism Site for Florida -- Note added 6/6/13 19:15
"tourism,travel,travel tourism,tourism sites,travel tourism sites",Travel and Tourism Sites for Guam -- Note added 6/6/13 19:11
"site,tourism,travel,travel tourism,tourism site,travel tourism site",Travel and Tourism Site for Idaho -- Note added 6/6/13 19:48
"tourism,travel,travel tourism,tourism sites,travel tourism sites",Travel and Tourism Sites for Maine -- Note added 6/6/13 19:11
"site,tourism,travel,travel tourism,tourism site,travel tourism site",Travel and Tourism Site for Maryland -- Note added 6/6/13 19:17
"tourism,travel,travel tourism,tourism sites,travel tourism sites",Travel and Tourism Sites for Mississippi -- Note added 6/6/13 19:11
"site,tourism,travel,travel tourism,tourism site,travel tourism site",Travel and Tourism Site for Missouri -- Note added 6/6/13 19:34
"site,tourism,travel,travel tourism,tourism site,travel tourism site",Travel and Tourism Site for Montana -- Note added 6/6/13 19:33
"carolina,north,site,tourism,travel,north carolina,travel tourism,tourism site,travel tourism site",Travel and Tourism Site for North Carolina -- Note added 6/6/13 19:33
"site,tourism,travel,travel tourism,tourism site,travel tourism site",Travel and Tourism Site for Nebraska -- Note added 6/6/13 19:33
"site,tourism,travel,travel tourism,tourism site,travel tourism site",Travel and Tourism Site for Pennsylvania -- Note added 6/6/13 19:32
"site,tourism,travel,travel tourism,tourism site,travel tourism site",Travel and Tourism Site for Rhode Island -- Note added 6/6/13 19:32
"site,tourism,travel,travel tourism,tourism site,virgin islands,travel tourism site",Travel and tourism site for the US Virgin Islands -- Note added 6/6/13 19:47
"site,tourism,travel,travel tourism,tourism site,travel tourism site",Travel and Tourism Site for Utah -- Note added 6/6/13 19:31
virgin islands,Supreme Court of the United States Virgin Islands -- Note added 8/18/14 14:06
"state,department,florida","Viva Florida 500 is a statewide initiative led by the Florida Department of State, under the leadership of Governor Rick Scott, to highlight the 500 years of historic people, places and events in present-day Florida since the arrival of Juan Ponce de Leon to the land he named La Florida in 1513. See more at http://www.vivaflorida.org/About-Viva-Florida/ -- Note added 7/23/14 14:01"
virginia,"Virginia Museum of Natural History in Martinsville, VA -- Note added 7/11/14 20:20"
"commission,florida",Florida Governor's Commission on Volunteerism and Community Service -- Note added 11/9/15 19:00
commission,"Volunteer Mississippi, A Mississippi Commission for Volunteer Service (MCVS) -- Note added 7/28/14 14:58"
"carolina,north,commission,north carolina",North Carolina Commission on Volunteerism and Community Service -- Note added 11/10/15 20:34
virginia,Virginia Rehabilitation Center for the Blind and Vision Impaired -- Note added 8/27/15 15:09
virginia,Virginia Rural Water Association -- Note added 7/23/13 19:42
"state,virginia",Virginia State Bar -- Note added 7/11/14 20:21
national guard,Vermont National Guard -- Note added 1/23/14 14:03
lottery,Vermont Lottery -- Note added 6/12/13 14:27
commission,Washington Blueberry Commission -- Note added 11/12/14 6:30
commission,Washington Hardwoods Commission -- Note added 11/12/14 6:29
"state,lottery,washington state",Washington State Lottery -- Note added 12/2/14 7:23
"state,commission,washington state",Washington State Seed Potato Commission -- Note added 11/12/14 6:26
"site,tourism,travel,travel tourism,tourism site,travel tourism site",Travel and Tourism Site for the District of Columbia -- Note added 6/6/13 19:31
national guard,Washington Air National Guard -- Note added 1/3/14 13:08
national guard,Washington Army National Guard -- Note added 1/23/14 14:03
national guard,Washington National Guard -- Note added 1/23/14 14:03
"state,commission,washington state",Washington State Wine Commission -- Note added 11/12/14 6:23
,Washington Association of Sheriffs and Police Chiefs -- Note added 11/12/14 6:22
state,"Waterparkin', a website of the Pat Harrison Waterway District (PHWD) a Mississippi State Agency that provides camping, cabins and recreational facilities in Mississippi. See historical snaphot at: http://web.archive.org/web/20101224004547/http://waterparkin.com/  -- Note added 1/13/14 20:28"
"carolina,north,office,north carolina,north carolina office","The Way We Lived in North Carolina, presented by http://www.ah.dcr.state.nc.us/ The North Carolina Office of Archives & History. -- Note added 8/13/14 17:41"
"state,department",State of Wisconsin Department of Financial Institutions -- Note added 8/11/14 5:34
,University of Rhode Island Cooperative Extension -- Note added 6/7/13 18:31
"authority,economic development",Washington Economic Development Finance Authority -- Note added 11/12/14 6:21
"nc,health,public,division,public health,division public health","Women's Health Branch, NC Division of Public Health -- Note added 7/26/13 15:11"
"authority,economic development,economic development authority",Wisconsin Housing and Economic Development Authority -- Note added 8/11/14 5:30
authority,Washington Higher Education Facilities Authority -- Note added 4/8/14 18:33
department,Oklahoma Department of Wildlife Conservation - http://www.wildlifedepartment.com/  -- Note added 10/29/13 15:11
lottery,Wisconsin Lottery -- Note added 6/12/13 14:28
"lottery,virgin islands",Virgin Islands Lottery -- Note added 6/12/13 14:29
,Wisconsin Historical Society -- Note added 8/11/14 5:26
"state,office,public",Wisconsin State Public Defender's Office -- Note added 6/14/13 17:38
,Register of Deeds Association of Wisconsin -- Note added 8/11/14 5:23
"state,nc,health,services,division,health human services","NC Dept of Health and Human services, division of State operated healthcare facilities -- Note added 9/14/15 20:51"
"state,washington state",Washington State Convention Center -- Note added 11/6/14 7:30
"state,commission,washington state",Washington State Commission on Pesticide Registration -- Note added 11/6/14 7:32
"state,commission,washington state",Washington State Housing Finance Commission -- Note added 11/6/14 7:27
"state,washington state",Washington State School for the Blind -- Note added 7/31/13 16:31
"department,virginia,west virginia,virginia department",West Virginia Department of Agriculture -- Note added 3/31/14 13:07
"department,virginia,west virginia,virginia department",West Virginia Department of Commerce -- Note added 3/24/14 16:50
"virginia,division,west virginia",West Virginia Division of Culture and History -- Note added 3/31/14 13:08
"department,virginia,health,west virginia,virginia department,department health human",West Virginia Department of Health and Human Resources -- Note added 7/24/14 5:50
"virginia,west virginia",West Virginia Housing Development Fund -- Note added 7/24/14 5:51
"virginia,commission,west virginia",West Virginia Higher Education Policy Commission -- Note added 3/31/14 13:12
"department,virginia,division,west virginia,virginia department","West Virginia Department of Commerce, Division of Labor -- Note added 7/24/14 5:52"
"virginia,lottery,west virginia",West Virginia Lottery -- Note added 6/12/13 14:29
"virginia,west virginia",West Virginia Network for Educational Telecomputing -- Note added 7/24/14 5:54
"board,virginia,public,west virginia",West Virginia Consolidated Public Retirement Board -- Note added 3/31/14 13:33
"state,virginia,west virginia",West Virginia State Parks -- Note added 3/31/14 13:34
"state,virginia,office,west virginia",West Virginia State Treasurer's Office -- Note added 3/31/14 13:35
"virginia,site,tourism,travel,travel tourism,tourism site,west virginia,travel tourism site",Travel and Tourism Site for West Virginia -- Note added 6/6/13 19:18
"virginia,authority,west virginia",West Virginia Water Development Authority -- Note added 7/24/14 5:57
national guard,Montana Army National Guard -- Note added 3/2/15 6:52
,Wyoming Business Council -- Note added 6/7/13 16:41
"site,tourism,travel,travel tourism,tourism site,travel tourism site",Travel and Tourism Site for Wyoming -- Note added 6/6/13 19:31
"state,board,virginia,authority,economic development","Virginia Economic Development Partnership. As a state authority, the Partnership is governed by a 25 member http://yesvirginia.org/AboutUs/BoardOfDirectors Board Of Directors comprised of businesspersons from around Virginia, each of whom is appointed by the http://www.governor.virginia.gov Governor and the General Assembly.  -- Note added 11/20/13 18:52"
